Tanga,Increases chance of Bug-type Pokemon by 10x,Forest/ Jungle/ Swamp,false
Colbur,Increases chance of Dark-type Pokemon by 10x,Badlands/ Spooky/ Taiga,false
Haban,Increases chance of Dragon-type Pokemon by 10x,Jungle/ Magical/ Mountain/ Sky/ Volcanic,true
Rindo,Increases chance of Grass-type Pokemon by 10x,Jungle/ Temperate/ Lush,true
Wacan,Increases chance of Electric-type Pokemon by 10x,Grassland/ Hills/ Sky,false
Roseli,Increases chance of Fairy-type Pokemon by 10x,Floral/ Island/ Magical/ Mushroom,false
Chople,Increases chance of Fighting-type Pokemon by 10x,Mountain/ Bamboo/ Taiga,true
Occa,Increases chance of Fire-type Pokemon by 10x,Jungle/ Sandy/ Thermal/ Volcanic,false
Coba,Increases chance of Flying-type Pokemon by 10x,Peak/ Temperate/ Sky,true
Kasib,Increases chance of Ghost-type Pokemon by 10x,Dripstone/ Lush/ Spooky/ Swamp/ Taiga,true
Shuca,Increases chance of Ground-type Pokemon by 10x,Arid/ Grassland,false
